<edmx:Edmx xmlns:edmx="http://schemas.microsoft.com/ado/2007/06/edmx"
	xmlns:m="http://schemas.microsoft.com/ado/2007/08/dataservices/metadata" xmlns:sap="http://www.sap.com/Protocols/SAPData" Version="1.0">
	<edmx:DataServices m:DataServiceVersion="2.0">
		<Schema xmlns="http://schemas.microsoft.com/ado/2008/09/edm" Namespace="Z_WM_PICKING_SRV" xml:lang="en" sap:schema-version="1">
			<EntityType Name="Shipment" sap:content-version="1">
				<Key><PropertyRef Name="Shpmnt"/></Key><Property Name="Shpmnt" Type="Edm.String" Nullable="false" MaxLength="10" sap:unicode="false" sap:label="Shipment Number"
					sap:creatable="false" sap:sortable="false"/><Property Name="Signi" Type="Edm.String" Nullable="false" MaxLength="20" sap:unicode="false" sap:label="Door" sap:creatable="false"
					sap:sortable="false"/><Property Name="Scacd" Type="Edm.String" Nullable="false" MaxLength="4" sap:unicode="false" sap:label="SCAC" sap:creatable="false"
					sap:sortable="false" sap:filterable="false"/><Property Name="Seal" Type="Edm.String" Nullable="false" MaxLength="20" sap:unicode="false" sap:label="Seal #" sap:creatable="false"
					sap:sortable="false" sap:filterable="false"/><Property Name="Trailer" Type="Edm.String" Nullable="false" MaxLength="20" sap:unicode="false" sap:label="Trailer #" sap:creatable="false"
					sap:sortable="false" sap:filterable="false"/><Property Name="Delivery" Type="Edm.String" Nullable="false" MaxLength="10" sap:unicode="false" sap:label="Delivery" sap:creatable="false"
					sap:updatable="false" sap:sortable="false" sap:filterable="false"/><Property Name="Trailerclosed" Type="Edm.String" Nullable="false" MaxLength="1" sap:unicode="false" sap:label="Single-Character Flag"
					sap:creatable="false" sap:updatable="false" sap:sortable="false" sap:filterable="false"/><Property Name="Action" Type="Edm.String" Nullable="false" MaxLength="1" sap:unicode="false" sap:label="Single-Character Flag"
					sap:creatable="false" sap:updatable="false" sap:sortable="false" sap:filterable="false"/><Property Name="Vendor" Type="Edm.String" Nullable="false" MaxLength="10" sap:unicode="false" sap:label="Vendor" sap:creatable="false"
					sap:updatable="false" sap:sortable="false" sap:filterable="false"/><Property Name="Venname" Type="Edm.String" Nullable="false" MaxLength="35" sap:unicode="false" sap:label="Name" sap:creatable="false"
					sap:updatable="false" sap:sortable="false" sap:filterable="false"/><Property Name="TotHu" Type="Edm.Int32" Nullable="false" sap:unicode="false" sap:label="Total HUs" sap:creatable="false"
					sap:updatable="false" sap:sortable="false" sap:filterable="false"/><Property Name="CreateShipment" Type="Edm.String" Nullable="false" MaxLength="1" sap:unicode="false" sap:label="Single-Character Flag"
					sap:creatable="false" sap:updatable="false" sap:sortable="false" sap:filterable="false"/><NavigationProperty Name="ToDelivItem" Relationship="Z_WM_PICKING_SRV.Assoc_Shpmnt_Deliv" FromRole="FromRole_Assoc_Shpmnt_Deliv"
					ToRole="ToRole_Assoc_Shpmnt_Deliv"/></EntityType>
			<EntityType Name="DelivItem" sap:content-version="1">
				<Key><PropertyRef Name="Delivery"/><PropertyRef Name="Item"/></Key><Property Name="Delivery" Type="Edm.String" Nullable="false" MaxLength="10" sap:unicode="false" sap:label="Delivery" sap:creatable="false"
					sap:updatable="false" sap:sortable="false" sap:filterable="false"/><Property Name="Shpmnt" Type="Edm.String" Nullable="false" MaxLength="10" sap:unicode="false" sap:label="Shipment Number"
					sap:creatable="false" sap:updatable="false" sap:sortable="false" sap:filterable="false"/><Property Name="TosCnf" Type="Edm.String" Nullable="false" MaxLength="1" sap:unicode="false" sap:label="Single-Character Flag"
					sap:creatable="false" sap:updatable="false" sap:sortable="false" sap:filterable="false"/><Property Name="Item" Type="Edm.String" Nullable="false" MaxLength="6" sap:unicode="false" sap:label="Item" sap:creatable="false"
					sap:updatable="false" sap:sortable="false" sap:filterable="false"/><Property Name="Material" Type="Edm.String" Nullable="false" MaxLength="40" sap:unicode="false" sap:label="Material" sap:creatable="false"
					sap:updatable="false" sap:sortable="false" sap:filterable="false"/><Property Name="Custmat" Type="Edm.String" Nullable="false" MaxLength="35" sap:unicode="false" sap:label="Customer Mat."
					sap:creatable="false" sap:updatable="false" sap:sortable="false" sap:filterable="false"/><Property Name="Qty" Type="Edm.Decimal" Nullable="false" Precision="19" Scale="3" sap:unicode="false" sap:label="QTY" sap:creatable="false"
					sap:updatable="false" sap:sortable="false" sap:filterable="false"/><Property Name="Qtyuom" Type="Edm.String" Nullable="false" MaxLength="3" sap:unicode="false" sap:label="Sales unit" sap:creatable="false"
					sap:updatable="false" sap:sortable="false" sap:filterable="false" sap:semantics="unit-of-measure"/><Property Name="Matdesc" Type="Edm.String" Nullable="false" MaxLength="40" sap:unicode="false" sap:label="Description" sap:creatable="false"
					sap:updatable="false" sap:sortable="false" sap:filterable="false"/><Property Name="Pickqty" Type="Edm.Decimal" Nullable="false" Precision="19" Scale="3" sap:unicode="false" sap:label="PICKQTY"
					sap:creatable="false" sap:updatable="false" sap:sortable="false" sap:filterable="false"/><Property Name="Pickuom" Type="Edm.String" Nullable="false" MaxLength="3" sap:unicode="false" sap:label="Sales unit" sap:creatable="false"
					sap:updatable="false" sap:sortable="false" sap:filterable="false" sap:semantics="unit-of-measure"/><NavigationProperty Name="ToToItem" Relationship="Z_WM_PICKING_SRV.Assoc_Deliv_Trans" FromRole="FromRole_Assoc_Deliv_Trans"
					ToRole="ToRole_Assoc_Deliv_Trans"/></EntityType>
			<EntityType Name="ToItem" sap:content-version="1">
				<Key><PropertyRef Name="Tanum"/><PropertyRef Name="Tapos"/></Key><Property Name="Delivery" Type="Edm.String" Nullable="false" MaxLength="10" sap:unicode="false" sap:label="Delivery" sap:creatable="false"
					sap:updatable="false" sap:sortable="false" sap:filterable="false"/><Property Name="Vlenr" Type="Edm.String" Nullable="false" MaxLength="20" sap:unicode="false" sap:label="Source SU no." sap:creatable="false"
					sap:updatable="false" sap:sortable="false" sap:filterable="false"/><Property Name="Item" Type="Edm.String" Nullable="false" MaxLength="6" sap:unicode="false" sap:label="Item" sap:creatable="false"
					sap:updatable="false" sap:sortable="false" sap:filterable="false"/><Property Name="Tanum" Type="Edm.String" Nullable="false" MaxLength="10" sap:unicode="false" sap:label="TO Number" sap:creatable="false"
					sap:updatable="false" sap:sortable="false" sap:filterable="false"/><Property Name="Tapos" Type="Edm.String" Nullable="false" MaxLength="4" sap:unicode="false" sap:label="Tr.order item" sap:creatable="false"
					sap:updatable="false" sap:sortable="false" sap:filterable="false"/><Property Name="Vistm" Type="Edm.Decimal" Nullable="false" Precision="13" Scale="3" sap:unicode="false" sap:label="Source act.qty."
					sap:creatable="false" sap:updatable="false" sap:sortable="false" sap:filterable="false"/><Property Name="Meins" Type="Edm.String" Nullable="false" MaxLength="3" sap:unicode="false" sap:label="Base Unit" sap:creatable="false"
					sap:updatable="false" sap:sortable="false" sap:filterable="false" sap:semantics="unit-of-measure"/><Property Name="Pquit" Type="Edm.Boolean" Nullable="false" sap:unicode="false" sap:label="Confirmation" sap:creatable="false"
					sap:updatable="false" sap:sortable="false" sap:filterable="false"/><Property Name="TopickQty" Type="Edm.Decimal" Nullable="false" Precision="19" Scale="3" sap:unicode="false" sap:label="To Pick Quantity"
					sap:creatable="false" sap:updatable="false" sap:sortable="false" sap:filterable="false"/><Property Name="MaxQty" Type="Edm.Decimal" Nullable="false" Precision="19" Scale="3" sap:unicode="false" sap:label="Maximun Quantity"
					sap:creatable="false" sap:updatable="false" sap:sortable="false" sap:filterable="false"/></EntityType>
			<EntityType Name="HuList" sap:content-version="1">
				<Key><PropertyRef Name="Exidv"/></Key><Property Name="Delivery" Type="Edm.String" Nullable="false" MaxLength="10" sap:unicode="false" sap:label="Delivery" sap:creatable="false"
					sap:updatable="false" sap:sortable="false"/><Property Name="Tknum" Type="Edm.String" Nullable="false" MaxLength="10" sap:unicode="false" sap:label="Shipment Number"
					sap:creatable="false" sap:updatable="false" sap:sortable="false" sap:filterable="false"/><Property Name="Exidv" Type="Edm.String" Nullable="false" MaxLength="20" sap:unicode="false" sap:label="Handling Unit"
					sap:filterable="false"/><Property Name="Item" Type="Edm.String" Nullable="false" MaxLength="6" sap:unicode="false" sap:label="Item" sap:creatable="false"
					sap:updatable="false" sap:sortable="false"/><Property Name="Vemng" Type="Edm.String" Nullable="false" MaxLength="20" sap:unicode="false" sap:label="Char20" sap:creatable="false"
					sap:updatable="false" sap:sortable="false" sap:filterable="false"/><Property Name="Action" Type="Edm.String" Nullable="false" MaxLength="1" sap:unicode="false" sap:label="Single-Character Flag"
					sap:creatable="false" sap:updatable="false" sap:sortable="false" sap:filterable="false"/><Property Name="LogType" Type="Edm.String" Nullable="false" MaxLength="1" sap:unicode="false" sap:label="Message type" sap:creatable="false"
					sap:updatable="false" sap:sortable="false" sap:filterable="false"/><Property Name="Log" Type="Edm.String" Nullable="false" MaxLength="220" sap:unicode="false" sap:label="Message Text" sap:creatable="false"
					sap:updatable="false" sap:sortable="false" sap:filterable="false"/></EntityType>
			<EntityType Name="PostHu" sap:content-version="1">
				<Key><PropertyRef Name="Shpmnt"/><PropertyRef Name="Delivery"/><PropertyRef Name="Signi"/><PropertyRef Name="Exidv1"/><PropertyRef Name="Item"/></Key><Property Name="Shpmnt" Type="Edm.String" Nullable="false" MaxLength="10" sap:unicode="false" sap:label="Shipment Number"
					sap:creatable="false" sap:updatable="false" sap:sortable="false" sap:filterable="false"/><Property Name="Delivery" Type="Edm.String" Nullable="false" MaxLength="10" sap:unicode="false" sap:label="Delivery" sap:creatable="false"
					sap:updatable="false" sap:sortable="false" sap:filterable="false"/><Property Name="Signi" Type="Edm.String" Nullable="false" MaxLength="20" sap:unicode="false" sap:label="Door" sap:creatable="false"
					sap:updatable="false" sap:sortable="false" sap:filterable="false"/><Property Name="Exidv1" Type="Edm.String" Nullable="false" MaxLength="20" sap:unicode="false" sap:label="Handling Unit"
					sap:creatable="false" sap:updatable="false" sap:sortable="false" sap:filterable="false"/><Property Name="Item" Type="Edm.String" Nullable="false" MaxLength="6" sap:unicode="false" sap:label="Item" sap:creatable="false"
					sap:updatable="false" sap:sortable="false" sap:filterable="false"/><Property Name="Action" Type="Edm.String" Nullable="false" MaxLength="1" sap:unicode="false" sap:label="Single-Character Flag"
					sap:creatable="false" sap:updatable="false" sap:sortable="false" sap:filterable="false"/><Property Name="LogType1" Type="Edm.String" Nullable="false" MaxLength="1" sap:unicode="false" sap:label="Message type"
					sap:creatable="false" sap:updatable="false" sap:sortable="false" sap:filterable="false"/><Property Name="Log1" Type="Edm.String" Nullable="false" MaxLength="220" sap:unicode="false" sap:label="Message Text" sap:creatable="false"
					sap:updatable="false" sap:sortable="false" sap:filterable="false"/><Property Name="ToPick1" Type="Edm.Decimal" Nullable="false" Precision="19" Scale="3" sap:unicode="false" sap:label="To Pick"
					sap:creatable="false" sap:updatable="false" sap:sortable="false" sap:filterable="false"/><Property Name="Max1" Type="Edm.Decimal" Nullable="false" Precision="19" Scale="3" sap:unicode="false" sap:label="Max" sap:creatable="false"
					sap:updatable="false" sap:sortable="false" sap:filterable="false"/><Property Name="Exidv2" Type="Edm.String" Nullable="false" MaxLength="20" sap:unicode="false" sap:label="Handling Unit"
					sap:creatable="false" sap:updatable="false" sap:sortable="false" sap:filterable="false"/><Property Name="LogType2" Type="Edm.String" Nullable="false" MaxLength="1" sap:unicode="false" sap:label="Message type"
					sap:creatable="false" sap:updatable="false" sap:sortable="false" sap:filterable="false"/><Property Name="Log2" Type="Edm.String" Nullable="false" MaxLength="220" sap:unicode="false" sap:label="Message Text" sap:creatable="false"
					sap:updatable="false" sap:sortable="false" sap:filterable="false"/><Property Name="ToPick2" Type="Edm.Decimal" Nullable="false" Precision="19" Scale="3" sap:unicode="false" sap:label="To Pick"
					sap:creatable="false" sap:updatable="false" sap:sortable="false" sap:filterable="false"/><Property Name="Max2" Type="Edm.Decimal" Nullable="false" Precision="19" Scale="3" sap:unicode="false" sap:label="Max" sap:creatable="false"
					sap:updatable="false" sap:sortable="false" sap:filterable="false"/></EntityType>
			<EntityType Name="CreateTo" sap:content-version="1">
				<Key><PropertyRef Name="Shpmnt"/><PropertyRef Name="Delivery"/><PropertyRef Name="Item"/></Key><Property Name="Shpmnt" Type="Edm.String" Nullable="false" MaxLength="10" sap:unicode="false" sap:label="Shipment Number"
					sap:creatable="false" sap:updatable="false" sap:sortable="false" sap:filterable="false"/><Property Name="Delivery" Type="Edm.String" Nullable="false" MaxLength="10" sap:unicode="false" sap:label="Delivery" sap:creatable="false"
					sap:updatable="false" sap:sortable="false" sap:filterable="false"/><Property Name="Item" Type="Edm.String" Nullable="false" MaxLength="6" sap:unicode="false" sap:label="Item" sap:creatable="false"
					sap:updatable="false" sap:sortable="false" sap:filterable="false"/><Property Name="Log" Type="Edm.String" Nullable="false" MaxLength="220" sap:unicode="false" sap:label="Message Text" sap:creatable="false"
					sap:updatable="false" sap:sortable="false" sap:filterable="false"/><Property Name="LogType" Type="Edm.String" Nullable="false" MaxLength="1" sap:unicode="false" sap:label="Message type" sap:creatable="false"
					sap:updatable="false" sap:sortable="false" sap:filterable="false"/></EntityType>
			<Association Name="Assoc_Shpmnt_Deliv" sap:content-version="1"><End Type="Z_WM_PICKING_SRV.Shipment" Multiplicity="1" Role="FromRole_Assoc_Shpmnt_Deliv"/><End Type="Z_WM_PICKING_SRV.DelivItem" Multiplicity="*" Role="ToRole_Assoc_Shpmnt_Deliv"/>
				<ReferentialConstraint>
					<Principal Role="FromRole_Assoc_Shpmnt_Deliv"><PropertyRef Name="Shpmnt"/></Principal>
					<Dependent Role="ToRole_Assoc_Shpmnt_Deliv"><PropertyRef Name="Shpmnt"/></Dependent>
				</ReferentialConstraint>
			</Association>
			<Association Name="Assoc_Deliv_Trans" sap:content-version="1"><End Type="Z_WM_PICKING_SRV.DelivItem" Multiplicity="1" Role="FromRole_Assoc_Deliv_Trans"/><End Type="Z_WM_PICKING_SRV.ToItem" Multiplicity="*" Role="ToRole_Assoc_Deliv_Trans"/>
				<ReferentialConstraint>
					<Principal Role="FromRole_Assoc_Deliv_Trans"><PropertyRef Name="Delivery"/><PropertyRef Name="Item"/></Principal>
					<Dependent Role="ToRole_Assoc_Deliv_Trans"><PropertyRef Name="Delivery"/><PropertyRef Name="Item"/></Dependent>
				</ReferentialConstraint>
			</Association>
			<EntityContainer Name="Z_WM_PICKING_SRV_Entities" m:IsDefaultEntityContainer="true" sap:supported-formats="atom json xlsx"><EntitySet Name="ShipmentSet" EntityType="Z_WM_PICKING_SRV.Shipment" sap:pageable="false" sap:content-version="1"/><EntitySet Name="DelivItemSet" EntityType="Z_WM_PICKING_SRV.DelivItem" sap:creatable="false" sap:updatable="false" sap:deletable="false"
				sap:pageable="false" sap:content-version="1"/><EntitySet Name="ToItemSet" EntityType="Z_WM_PICKING_SRV.ToItem" sap:creatable="false" sap:updatable="false" sap:deletable="false"
				sap:pageable="false" sap:content-version="1"/><EntitySet Name="HuListSet" EntityType="Z_WM_PICKING_SRV.HuList" sap:pageable="false" sap:content-version="1"/><EntitySet Name="PostHuSet" EntityType="Z_WM_PICKING_SRV.PostHu" sap:pageable="false" sap:content-version="1"/><EntitySet Name="CreateToSet" EntityType="Z_WM_PICKING_SRV.CreateTo" sap:pageable="false" sap:content-version="1"/>
				<AssociationSet Name="Assoc_Deliv_TransSet" Association="Z_WM_PICKING_SRV.Assoc_Deliv_Trans" sap:creatable="false" sap:updatable="false"
					sap:deletable="false" sap:content-version="1"><End EntitySet="DelivItemSet" Role="FromRole_Assoc_Deliv_Trans"/><End EntitySet="ToItemSet" Role="ToRole_Assoc_Deliv_Trans"/></AssociationSet>
				<AssociationSet Name="ToDelivItemSet" Association="Z_WM_PICKING_SRV.Assoc_Shpmnt_Deliv" sap:creatable="false" sap:updatable="false"
					sap:deletable="false" sap:content-version="1"><End EntitySet="ShipmentSet" Role="FromRole_Assoc_Shpmnt_Deliv"/><End EntitySet="DelivItemSet" Role="ToRole_Assoc_Shpmnt_Deliv"/></AssociationSet>
			</EntityContainer><atom:link xmlns:atom="http://www.w3.org/2005/Atom" rel="self" href="./sap/Z_WM_PICKING_SRV/$metadata"/><atom:link xmlns:atom="http://www.w3.org/2005/Atom" rel="latest-version" href="./sap/Z_WM_PICKING_SRV/$metadata"/></Schema>
	</edmx:DataServices>
</edmx:Edmx>