<edmx:Edmx xmlns:edmx="http://schemas.microsoft.com/ado/2007/06/edmx"
	xmlns:m="http://schemas.microsoft.com/ado/2007/08/dataservices/metadata" xmlns:sap="http://www.sap.com/Protocols/SAPData" Version="1.0">
	<edmx:DataServices m:DataServiceVersion="2.0">
		<Schema xmlns="http://schemas.microsoft.com/ado/2008/09/edm" Namespace="Z_SHPFLR_SEARCH_SRV" xml:lang="en" sap:schema-version="1">
			<EntityType Name="LineProdOrder" sap:content-version="1">
				<Key><PropertyRef Name="PlantCode"/><PropertyRef Name="Line"/><PropertyRef Name="ProductionOrder"/></Key><Property Name="PlantCode" Type="Edm.String" Nullable="false" MaxLength="4" sap:label="Plant"/><Property Name="Line" Type="Edm.String" Nullable="false" MaxLength="8" sap:label="Line"/><Property Name="ProductionOrder" Type="Edm.String" Nullable="false" MaxLength="12" sap:label="Production Order"/></EntityType>
			<EntityType Name="DownTimeReason" sap:content-version="1">
				<Key><PropertyRef Name="Plant"/><PropertyRef Name="Line"/><PropertyRef Name="Reason"/></Key><Property Name="Plant" Type="Edm.String" Nullable="false" MaxLength="4" sap:label="Plant"/><Property Name="Line" Type="Edm.String" Nullable="false" MaxLength="8" sap:label="Line"/><Property Name="Reason" Type="Edm.String" Nullable="false" MaxLength="5" sap:label="Reason"/><Property Name="ReasonDesc" Type="Edm.String" MaxLength="60" sap:label="Reason Description"/><Property Name="Restart" Type="Edm.Boolean" sap:label="Restart Down Flag"/><Property Name="SelectAll" Type="Edm.Boolean" sap:label="Select All Badges"/></EntityType>
			<EntityType Name="Plant" sap:content-version="1">
				<Key><PropertyRef Name="PlantCode"/></Key><Property Name="PlantCode" Type="Edm.String" Nullable="false" MaxLength="4" sap:label="Plant"/><Property Name="PlantType" Type="Edm.String" MaxLength="1" sap:label="Material or Fulfilment"/><Property Name="PlantName" Type="Edm.String" MaxLength="30" sap:label="Name 1"/><Property Name="Activity" Type="Edm.String" MaxLength="2" sap:label="Activity"/></EntityType>
			<EntityType Name="Line" sap:content-version="1">
				<Key><PropertyRef Name="Plant"/><PropertyRef Name="LineCode"/></Key><Property Name="Plant" Type="Edm.String" Nullable="false" MaxLength="4" sap:label="Plant" sap:creatable="false" sap:updatable="false"
					sap:sortable="false" sap:filterable="false"/><Property Name="LineCode" Type="Edm.String" Nullable="false" MaxLength="8" sap:label="Work Center" sap:creatable="false"
					sap:updatable="false" sap:sortable="false" sap:filterable="false"/><Property Name="ProdWCOnly" Type="Edm.String" Nullable="false" MaxLength="1" sap:label="Only production WC" sap:creatable="false"
					sap:updatable="false" sap:sortable="false" sap:filterable="false"/><Property Name="SiteType" Type="Edm.String" MaxLength="1" sap:label="Material or Fulfilment" sap:creatable="false" sap:updatable="false"
					sap:sortable="false" sap:filterable="false"/><Property Name="LineName" Type="Edm.String" MaxLength="40" sap:label="Description" sap:creatable="false" sap:updatable="false"
					sap:sortable="false" sap:filterable="false"/></EntityType>
			<EntityType Name="OrderOperation" sap:content-version="1">
				<Key><PropertyRef Name="ProductionOrder"/><PropertyRef Name="OperationText"/><PropertyRef Name="Operation"/></Key><Property Name="ProductionOrder" Type="Edm.String" Nullable="false" MaxLength="12"/><Property Name="OperationText" Type="Edm.String" Nullable="false" MaxLength="40"/><Property Name="Operation" Type="Edm.String" Nullable="false" MaxLength="4"/></EntityType>
			<EntityType Name="UserName" sap:content-version="1">
				<Key><PropertyRef Name="Uname"/></Key><Property Name="Uname" Type="Edm.String" Nullable="false" MaxLength="12" sap:label="User name"/><Property Name="Title" Type="Edm.String" MaxLength="30" sap:label="Title"/><Property Name="NumberFormat" Type="Edm.String" sap:label="Number Format"/><Property Name="Fname" Type="Edm.String" MaxLength="40" sap:label="First name"/><Property Name="Lname" Type="Edm.String" MaxLength="40" sap:label="Last name"/></EntityType>
			<EntityType Name="Printer" sap:content-version="1">
				<Key><PropertyRef Name="ProductionOrder"/><PropertyRef Name="Operation"/><PropertyRef Name="PrinterName"/></Key><Property Name="ProductionOrder" Type="Edm.String" Nullable="false" MaxLength="12"/><Property Name="Operation" Type="Edm.String" Nullable="false" MaxLength="4"/><Property Name="PrinterName" Type="Edm.String" Nullable="false"/><Property Name="Plant" Type="Edm.String" MaxLength="4"/><Property Name="ActualPrinter" Type="Edm.String"/><Property Name="PrinterDescription" Type="Edm.String"/></EntityType>
			<EntityType Name="MPROPrintPreview" sap:content-version="1">
				<Key><PropertyRef Name="FormName"/></Key><Property Name="FormName" Type="Edm.String" Nullable="false" MaxLength="30" sap:label="Form Name"/><Property Name="DefaultPrint" Type="Edm.Boolean" sap:label="Default Print"/><Property Name="DefaultPreview" Type="Edm.Boolean" sap:label="Default Preview"/><Property Name="DisablePrint" Type="Edm.Boolean" sap:label="Disable Print"/><Property Name="DisablePreview" Type="Edm.Boolean" sap:label="Disable Preview"/></EntityType>
			<EntityType Name="PrinterPurOrd" sap:content-version="1">
				<Key><PropertyRef Name="PONumber"/><PropertyRef Name="POItem"/><PropertyRef Name="PrinterName"/></Key><Property Name="PONumber" Type="Edm.String" Nullable="false" MaxLength="10"/><Property Name="POItem" Type="Edm.String" Nullable="false" MaxLength="5"/><Property Name="PrinterName" Type="Edm.String" Nullable="false"/><Property Name="PrinterDescription" Type="Edm.String"/></EntityType>
			<EntityType Name="ShiftCode" sap:content-version="1">
				<Key><PropertyRef Name="Code"/></Key><Property Name="Code" Type="Edm.String" Nullable="false" MaxLength="4" sap:label="Shift Code"/><Property Name="Description" Type="Edm.String" MaxLength="15" sap:label="Shift Description"/><Property Name="Plant" Type="Edm.String" MaxLength="4" sap:label="Plant"/><Property Name="CurrentShift" Type="Edm.Boolean" sap:label="Current"/><Property Name="BringAllShifts" Type="Edm.String" MaxLength="1" sap:label="All Shift"/><Property Name="Line" Type="Edm.String" MaxLength="8" sap:label="Work Center"/></EntityType>
			<EntityType Name="TransferOrder" sap:content-version="1">
				<Key><PropertyRef Name="TONumber"/></Key><Property Name="TONumber" Type="Edm.String" Nullable="false" MaxLength="10" sap:label="TransferOrder"/><Property Name="ProductionOrder" Type="Edm.String" MaxLength="12" sap:label="ProductionOrder"/></EntityType>
			<EntityType Name="SystemName" sap:content-version="1">
				<Key><PropertyRef Name="Sname"/></Key><Property Name="Sname" Type="Edm.String" Nullable="false" sap:label="System Name"/><Property Name="SID" Type="Edm.String" MaxLength="30" sap:label="System ID"/><Property Name="SClient" Type="Edm.String" MaxLength="3" sap:label="Cllient"/></EntityType>
			<EntityType Name="PlantOperator" sap:content-version="1">
				<Key><PropertyRef Name="Plant"/><PropertyRef Name="Operator"/></Key><Property Name="Plant" Type="Edm.String" Nullable="false" MaxLength="4" sap:label="Plant"/><Property Name="Operator" Type="Edm.String" Nullable="false" MaxLength="12" sap:label="Operator"/><Property Name="OperatorName" Type="Edm.String" sap:label="Name"/></EntityType>
			<EntityContainer Name="Z_SHPFLR_SEARCH_SRV_Entities" m:IsDefaultEntityContainer="true" sap:supported-formats="atom json xlsx"><EntitySet Name="LineProdOrderSet" EntityType="Z_SHPFLR_SEARCH_SRV.LineProdOrder" sap:creatable="false" sap:updatable="false"
				sap:deletable="false" sap:pageable="false" sap:addressable="false" sap:content-version="1"/><EntitySet Name="DownTimeReasonSet" EntityType="Z_SHPFLR_SEARCH_SRV.DownTimeReason" sap:creatable="false" sap:updatable="false"
				sap:deletable="false" sap:pageable="false" sap:addressable="false" sap:content-version="1"/><EntitySet Name="PlantSet" EntityType="Z_SHPFLR_SEARCH_SRV.Plant" sap:creatable="false" sap:updatable="false" sap:deletable="false"
				sap:pageable="false" sap:content-version="1"/><EntitySet Name="LineSet" EntityType="Z_SHPFLR_SEARCH_SRV.Line" sap:creatable="false" sap:updatable="false" sap:deletable="false"
				sap:pageable="false" sap:addressable="false" sap:content-version="1"/><EntitySet Name="OrderOperationSet" EntityType="Z_SHPFLR_SEARCH_SRV.OrderOperation" sap:creatable="false" sap:updatable="false"
				sap:deletable="false" sap:pageable="false" sap:addressable="false" sap:content-version="1"/><EntitySet Name="UserNameSet" EntityType="Z_SHPFLR_SEARCH_SRV.UserName" sap:creatable="false" sap:updatable="false" sap:deletable="false"
				sap:pageable="false" sap:addressable="false" sap:content-version="1"/><EntitySet Name="PrinterSet" EntityType="Z_SHPFLR_SEARCH_SRV.Printer" sap:creatable="false" sap:updatable="false" sap:deletable="false"
				sap:pageable="false" sap:addressable="false" sap:content-version="1"/><EntitySet Name="MPROPrintPreviewSet" EntityType="Z_SHPFLR_SEARCH_SRV.MPROPrintPreview" sap:creatable="false" sap:updatable="false"
				sap:deletable="false" sap:pageable="false" sap:addressable="false" sap:content-version="1"/><EntitySet Name="PrinterPurOrdSet" EntityType="Z_SHPFLR_SEARCH_SRV.PrinterPurOrd" sap:creatable="false" sap:updatable="false"
				sap:deletable="false" sap:pageable="false" sap:addressable="false" sap:content-version="1"/><EntitySet Name="ShiftCodeSet" EntityType="Z_SHPFLR_SEARCH_SRV.ShiftCode" sap:creatable="false" sap:updatable="false" sap:deletable="false"
				sap:pageable="false" sap:addressable="false" sap:content-version="1"/><EntitySet Name="TransferOrderSet" EntityType="Z_SHPFLR_SEARCH_SRV.TransferOrder" sap:creatable="false" sap:updatable="false"
				sap:deletable="false" sap:pageable="false" sap:addressable="false" sap:content-version="1"/><EntitySet Name="SystemNameSet" EntityType="Z_SHPFLR_SEARCH_SRV.SystemName" sap:creatable="false" sap:updatable="false"
				sap:deletable="false" sap:pageable="false" sap:addressable="false" sap:content-version="1"/><EntitySet Name="PlantOperatorSet" EntityType="Z_SHPFLR_SEARCH_SRV.PlantOperator" sap:creatable="false" sap:updatable="false"
				sap:deletable="false" sap:pageable="false" sap:addressable="false" sap:content-version="1"/></EntityContainer><atom:link xmlns:atom="http://www.w3.org/2005/Atom" rel="self" href="./sap/Z_SHPFLR_SEARCH_SRV/$metadata"/><atom:link xmlns:atom="http://www.w3.org/2005/Atom" rel="latest-version" href="./sap/Z_SHPFLR_SEARCH_SRV/$metadata"/></Schema>
	</edmx:DataServices>
</edmx:Edmx>